,0,1,2,3
0,@JeffBezos,2023-02-13 20:06:07+00:00,https://twitter.com/JeffBezos/status/1625224820786094080,Big milestone. Kudos and congrats to the whole Zoox team!
1,@JeffBezos,2023-02-12 20:08:44+00:00,https://twitter.com/JeffBezos/status/1624863094970400768,@Rainmaker1973 Instrument boom. Evolution is amazing. https://t.co/MjfRaXjnMJ
2,@JeffBezos,2023-01-31 16:59:10+00:00,https://twitter.com/JeffBezos/status/1620466730572349442,Episode 3 of Last of Us is unbelievably good story telling. I am in awe of @Nick_Offerman performance. Incredible.
3,@JeffBezos,2023-01-28 19:35:08+00:00,https://twitter.com/JeffBezos/status/1619418820984340481,Thank you Bill and Tim. So nice. Gratitude.
4,@JeffBezos,2022-12-25 05:59:36+00:00,https://twitter.com/JeffBezos/status/1606892394896822272,@trevken Same to you 🎄
5,@JeffBezos,2022-12-25 04:58:54+00:00,https://twitter.com/JeffBezos/status/1606877122316111872,@trevken Thank you
6,@JeffBezos,2022-11-22 12:56:35+00:00,https://twitter.com/JeffBezos/status/1595038534897139712,"This year’s Bezos Day 1 Families Fund grants go to 40 incredible groups working to end homelessness in the U.S. In 5 years, we’ve given more than $500 million to 167 orgs – helping expand their support of families in need. Honored to support these groups. https://t.co/8fulJLNrkZ https://t.co/17dX56oApm"
7,@JeffBezos,2022-11-12 22:29:23+00:00,https://twitter.com/JeffBezos/status/1591558804960854017,"We’ve just announced a new Courage and Civility award recipient —  @DollyParton, who leads with her heart, and will put this $100 million award to great use helping so many people. She joins prior awardees, @VanJones68 and @Chefjoseandres.  Congrats, Dolly! https://t.co/dzTuoGVp3G"
8,@JeffBezos,2022-10-18 23:40:39+00:00,https://twitter.com/JeffBezos/status/1582517044020273152,"Yep, the probabilities in this economy tell you to batten down the hatches."
9,@JeffBezos,2022-10-12 19:56:33+00:00,https://twitter.com/JeffBezos/status/1580286321242697729,"The Hutch is going to do incredible things with this.

https://t.co/m3BKYhKwr9"
10,@JeffBezos,2022-10-09 23:30:29+00:00,https://twitter.com/JeffBezos/status/1579252993903710209,Invention. You can still improve even an axe! Damn.
11,@JeffBezos,2022-10-05 18:48:40+00:00,https://twitter.com/JeffBezos/status/1577732519856082944,Go @JSalke and @AmazonStudios!
12,@JeffBezos,2022-09-20 22:14:59+00:00,https://twitter.com/JeffBezos/status/1572348625459576832,https://t.co/xdw8Dod79l
13,@JeffBezos,2022-09-10 18:33:46+00:00,https://twitter.com/JeffBezos/status/1568669073608966145,https://t.co/DHKpHZnzzH
14,@JeffBezos,2022-09-10 02:15:28+00:00,https://twitter.com/JeffBezos/status/1568422876071759873,@erikprinz0 100%
15,@JeffBezos,2022-09-10 02:05:31+00:00,https://twitter.com/JeffBezos/status/1568420373422837760,"If you want unusual results, you’re going to need some missionary, brilliant “organizational misfits” on your team.

https://t.co/yKG7hL97e3"
16,@JeffBezos,2022-09-08 18:29:00+00:00,https://twitter.com/JeffBezos/status/1567943098029981696,I can think of no one who better personified duty. My deepest condolences to all the Brits mourning her passing today.
17,@JeffBezos,2022-09-03 22:50:20+00:00,https://twitter.com/JeffBezos/status/1566196928064503808,@bearmccreary Your music is a huge part of what makes this show so amazing. Thank you!
18,@JeffBezos,2022-09-03 22:38:51+00:00,https://twitter.com/JeffBezos/status/1566194037991915520,"Go Middle-earth!
https://t.co/SbJrAJ05mw"
19,@JeffBezos,2022-09-03 15:24:08+00:00,https://twitter.com/JeffBezos/status/1566084636043780096,Good point. Thank you. (And very excited about what you’re working on.)
20,@JeffBezos,2022-08-28 21:44:31+00:00,https://twitter.com/JeffBezos/status/1564006036037521408,My first job. And still the same great burger. Happy Sunday! https://t.co/3slx6dHUVa
21,@JeffBezos,2022-08-08 17:11:02+00:00,https://twitter.com/JeffBezos/status/1556689455905267712,Leaders can only get so far ahead…
22,@JeffBezos,2022-08-06 21:28:43+00:00,https://twitter.com/JeffBezos/status/1556029528501211136,"My friend and a friend to many, Tom Alberg, has passed away. He was an early investor in Amazon and served on our board for 23 years. Tom was a visionary and also just a wonderful, good man. I was so lucky to have you in my life, Tom. We will all miss you dearly. https://t.co/JsRvxt8rI0"
23,@JeffBezos,2022-07-22 19:12:50+00:00,https://twitter.com/JeffBezos/status/1550559511563276288,New trailer released at Comic-Con today #TheRingsofPower https://t.co/cQ4IQ6hfwf
24,@JeffBezos,2022-07-22 14:26:22+00:00,https://twitter.com/JeffBezos/status/1550487420767940608,Let’s go!
25,@JeffBezos,2022-07-14 15:44:33+00:00,https://twitter.com/JeffBezos/status/1547607992316542976,First full-length trailer #TheRingsOfPower https://t.co/yq6OrxfhmG
26,@JeffBezos,2022-07-03 01:42:17+00:00,https://twitter.com/JeffBezos/status/1543409762867494912,Ouch. Inflation is far too important a problem for the White House to keep making statements like this. It’s either straight ahead misdirection or a deep misunderstanding of basic market dynamics.
27,@JeffBezos,2022-06-20 21:05:53+00:00,https://twitter.com/JeffBezos/status/1538991549161148416,@YONeal1 Nice! Happy Father’s Day to your fathers too!!
28,@JeffBezos,2022-06-20 21:00:44+00:00,https://twitter.com/JeffBezos/status/1538990254262059008,@LanguageIgbo Thank you!
29,@JeffBezos,2022-06-19 23:01:45+00:00,https://twitter.com/JeffBezos/status/1538658321002995712,"I love you, Dad. https://t.co/GSqHUGlgt8"
30,@JeffBezos,2022-06-12 03:12:15+00:00,https://twitter.com/JeffBezos/status/1535822260333793280,"@stewartbrand Stewart, I very much hope the future world gets many more “hucksters” like you. We will be better for it!"
31,@JeffBezos,2022-05-31 21:11:31+00:00,https://twitter.com/JeffBezos/status/1531745211084324864,Incredible
32,@JeffBezos,2022-05-29 20:37:20+00:00,https://twitter.com/JeffBezos/status/1531011831048704001,"@AJDelgado13 Since I have a Cuban dad, am I a Legacy American or is that too soon? Are my kids? The framework doesn’t make sense."
33,@JeffBezos,2022-05-29 20:32:28+00:00,https://twitter.com/JeffBezos/status/1531010609906524163,"@AJDelgado13 Yes, a strong scent. “Non Legacy American” is so intellectually bankrupt."
34,@JeffBezos,2022-05-26 15:02:12+00:00,https://twitter.com/JeffBezos/status/1529840331029499904,What a truly beautiful observation…
35,@JeffBezos,2022-05-24 02:16:11+00:00,https://twitter.com/JeffBezos/status/1528922782007930880,Thanks for the history shout out here. Many twists and turns and failures and successes in those 23 years…
36,@JeffBezos,2022-05-24 02:05:21+00:00,https://twitter.com/JeffBezos/status/1528920054506541056,https://t.co/5GvLk3mppV
37,@JeffBezos,2022-05-18 19:21:23+00:00,https://twitter.com/JeffBezos/status/1527006451960623113,"@kingston_elenwo No, not really like that. He (Rob Hof) was just reporting accurately the general Wall Street sentiment. In fact, same reporter wrote a follow up ten years later. That kind of follow up is pretty rare in my experience and commendable."
38,@JeffBezos,2022-05-18 19:11:13+00:00,https://twitter.com/JeffBezos/status/1527003895393812480,"I have this old 2006 BusinessWeek framed as a reminder. The “risky bet” that Wall Street disliked was AWS, which generated revenue of more than $62 billion last year. https://t.co/ccF0nCOkhu"
39,@JeffBezos,2022-05-18 18:20:22+00:00,https://twitter.com/JeffBezos/status/1526991097985122304,@dao2wei @BillyM2k Thank you. I’ve been working hard on my ass.
40,@JeffBezos,2022-05-18 18:09:46+00:00,https://twitter.com/JeffBezos/status/1526988428881141761,@BillyM2k Seen you refer to yourself as a sh*tposter but maybe you’re mostly just a wiseposter.
41,@JeffBezos,2022-05-17 15:22:48+00:00,https://twitter.com/JeffBezos/status/1526584024780505089,@avi_gul Agree with you it’s sad
42,@JeffBezos,2022-05-17 14:46:49+00:00,https://twitter.com/JeffBezos/status/1526574968158314496,If you’re looking for some scary bedtime reading… https://t.co/wIPasl6mPt
43,@JeffBezos,2022-05-16 22:39:40+00:00,https://twitter.com/JeffBezos/status/1526331576258154496,@JamesMelville Liked because I believe you’re 100% right
44,@JeffBezos,2022-05-16 16:34:31+00:00,https://twitter.com/JeffBezos/status/1526239684392669184,"their best to add another $3.5 TRILLION to federal spending. They failed, but if they had succeeded, inflation would be even higher than it is today, and inflation today is at a 40 year high."
45,@JeffBezos,2022-05-16 16:33:50+00:00,https://twitter.com/JeffBezos/status/1526239512958865409,"Look, a squirrel! This is the White House’s statement about my recent tweets. They understandably want to muddy the topic. They know inflation hurts the neediest the most. But unions aren’t causing inflation and neither are wealthy people.  Remember the Administration tried… https://t.co/GaMb3Kiu72"
46,@JeffBezos,2022-05-16 14:25:24+00:00,https://twitter.com/JeffBezos/status/1526207190876336128,@EdwardGiugliano $1.50
47,@JeffBezos,2022-05-16 14:22:35+00:00,https://twitter.com/JeffBezos/status/1526206480612876288,"25 years ago yesterday, AMZN went public. As the Grateful Dead would say, “What a long, strange trip it’s been.”

It’s been far from smooth. Lots of risk-taking, lots of invention, lots of mistakes, so much we still have to do better. I wouldn’t trade the ride for anything."
48,@JeffBezos,2022-05-15 14:33:07+00:00,https://twitter.com/JeffBezos/status/1525846743278944256,"In fact, the administration tried hard to inject even more stimulus into an already over-heated, inflationary economy and only Manchin saved them from themselves. Inflation is a regressive tax that most hurts the least affluent. Misdirection doesn’t help the country."
49,@JeffBezos,2022-05-14 02:56:41+00:00,https://twitter.com/JeffBezos/status/1525309091970699265,"The newly created Disinformation Board should review this tweet, or maybe they need to form a new Non Sequitur Board instead. Raising corp taxes is fine to discuss. Taming inflation is critical to discuss. Mushing them together is just misdirection."
50,@JeffBezos,2022-05-13 19:45:48+00:00,https://twitter.com/JeffBezos/status/1525200657346592773,@pdashtdoteth Ha. Honesty and directness. Best bet.
51,@JeffBezos,2022-05-13 19:44:19+00:00,https://twitter.com/JeffBezos/status/1525200285265809409,@Molson_Hart Thank you!
52,@JeffBezos,2022-05-13 19:41:05+00:00,https://twitter.com/JeffBezos/status/1525199472413888514,@Hirominlol Space squirrels are real.
53,@JeffBezos,2022-05-13 19:34:14+00:00,https://twitter.com/JeffBezos/status/1525197747997089793,"@dsaezgil For most things, six pages."
54,@JeffBezos,2022-05-13 19:31:45+00:00,https://twitter.com/JeffBezos/status/1525197120852176902,@lacostejonathan Happy about that. Thank you.
55,@JeffBezos,2022-05-13 19:23:58+00:00,https://twitter.com/JeffBezos/status/1525195165496918016,@BillyM2k Damn good advice
56,@JeffBezos,2022-05-13 19:21:53+00:00,https://twitter.com/JeffBezos/status/1525194638310662146,Slide decks are maybe useful for persuasion — think sales calls. But you don’t want that for internal decision meetings.
57,@JeffBezos,2022-05-13 19:02:25+00:00,https://twitter.com/JeffBezos/status/1525189741607624706,Help me out. How do I edit a typo on twitter? Oh right…
58,@JeffBezos,2022-05-13 18:56:54+00:00,https://twitter.com/JeffBezos/status/1525188353704050690,Slide decks hide can shallow thinking. Narratively structured memos are harder to write because they require better thinking. It’s worth it.
59,@JeffBezos,2022-05-13 17:07:53+00:00,https://twitter.com/JeffBezos/status/1525160919109599232,Big potential.
60,@JeffBezos,2022-05-13 16:47:46+00:00,https://twitter.com/JeffBezos/status/1525155854252707849,@osiris7895 @StatueEllisFdn I’d be a very happy software engineer somewhere.
61,@JeffBezos,2022-05-13 16:41:14+00:00,https://twitter.com/JeffBezos/status/1525154211138154497,"My dad is an intense, hard worker, and he’s also warm and teaches an easy smile and self-deprecating humor. My brother, sister and I could not have a better role model. We love him and are so proud of him for this well-deserved recognition from @StatueEllisFdn"
62,@JeffBezos,2022-05-12 23:42:37+00:00,https://twitter.com/JeffBezos/status/1524897867336503315,Agree 100%. Would add: Civility is hard. Name calling and ad hominem attacks are easy and when you use them it makes it harder to work together.
63,@JeffBezos,2022-05-09 23:03:17+00:00,https://twitter.com/JeffBezos/status/1523800804087402496,"Congrats, Katya!"
64,@JeffBezos,2022-05-09 21:49:32+00:00,https://twitter.com/JeffBezos/status/1523782246695456768,The Pulitzers’ gold medal prize for public service isn’t given to an individual but to the entire organization. Huge kudos and congrats to the whole Washington Post team!
65,@JeffBezos,2022-05-08 15:56:12+00:00,https://twitter.com/JeffBezos/status/1523330938742005760,"Mom, I have no idea how you did what you did.  You kept us both safe inside your heart. Thank you for sharing your strength and for all the sacrifices you made. I love you. https://t.co/13WsOkBNTi"
66,@JeffBezos,2022-05-08 05:10:40+00:00,https://twitter.com/JeffBezos/status/1523168483512438784,@BillyM2k Yep. Me neither.
67,@JeffBezos,2022-05-08 02:40:53+00:00,https://twitter.com/JeffBezos/status/1523130789814099969,Too many of our elected officials are still using these techniques…https://t.co/wnIU6FkR4m
68,@JeffBezos,2022-04-30 23:30:49+00:00,https://twitter.com/JeffBezos/status/1520546244707373057,Bill is without doubt one of the smartest people I know and always worth listening to. Most people dramatically underestimate the remarkableness of this bull run. Such things are unstoppable … until they aren’t.  Markets teach. The lessons can be painful.
69,@JeffBezos,2022-04-29 21:44:01+00:00,https://twitter.com/JeffBezos/status/1520156976570904577,@zebulgar You’ve read seveneves 12 times?!!! Amazing. I knew you were a good follow!
70,@JeffBezos,2022-04-28 21:23:33+00:00,https://twitter.com/JeffBezos/status/1519789439224012802,So damn cool. Congrats to MiMi and the whole Mars helicopter team.
71,@JeffBezos,2022-04-26 01:06:11+00:00,https://twitter.com/JeffBezos/status/1518758305392259072,But we’ll see. Musk is extremely good at navigating this kind of complexity.
72,@JeffBezos,2022-04-26 01:05:05+00:00,https://twitter.com/JeffBezos/status/1518758025946800131,"My own answer to this question is probably not. The more likely outcome in this regard is complexity in China for Tesla, rather than censorship at Twitter."
73,@JeffBezos,2022-04-26 00:11:03+00:00,https://twitter.com/JeffBezos/status/1518744428189339649,Agree — this is a fascinating piece — no one drawn as a cartoon. Thanks for the link and reco.
74,@JeffBezos,2022-04-25 23:29:44+00:00,https://twitter.com/JeffBezos/status/1518734031566778368,Interesting question. Did the Chinese government just gain a bit of leverage over the town square?
75,@JeffBezos,2022-04-21 04:42:11+00:00,https://twitter.com/JeffBezos/status/1517000722662842370,One of the many steps we’re making to meet our Climate Pledge commitment.
76,@JeffBezos,2022-04-19 21:33:54+00:00,https://twitter.com/JeffBezos/status/1516530552832086016,"Pls consider taking a moment and voting for Van Jones and Uncommon Ground. He’s a passionate, courageous leader with a big tent approach — a unifier who stays focused on the mission and takes help from all corners. We’d all be a bit better off if more people took that approach."
77,@JeffBezos,2022-04-19 01:46:52+00:00,https://twitter.com/JeffBezos/status/1516231827559620608,Here’s the short version…https://t.co/g6aToK1Ikk
78,@JeffBezos,2022-04-19 01:44:18+00:00,https://twitter.com/JeffBezos/status/1516231181716504576,https://t.co/lsjYrvanye
79,@JeffBezos,2022-04-19 01:42:23+00:00,https://twitter.com/JeffBezos/status/1516230697471553541,"This piece by Jonathan Haidt is thoughtful, beautifully written, and important. Very worth the long read. https://t.co/45ELZ829JW"
80,@JeffBezos,2022-04-15 19:15:06+00:00,https://twitter.com/JeffBezos/status/1515046073349427214,@IrishEcom @JakubSzunyogh Yeah you have good hair. 😊 Nice meeting you and all the best.
81,@JeffBezos,2022-04-14 19:37:15+00:00,https://twitter.com/JeffBezos/status/1514689258535145474,@dwarkesh_sp @joodaloop You’re thoughtful and thought-provoking. Gratitude. Please keep it up!
82,@JeffBezos,2022-04-06 18:09:59+00:00,https://twitter.com/JeffBezos/status/1511768195480260610,"(2/2) and evaluates many factors including the ability to advance, skills growth, company stability, external opportunity, company affinity, and gender diversity.

Thank you to each and every one of Amazon’s employees for all your hard work and dedication. It is Day 1."
83,@JeffBezos,2022-04-06 18:09:59+00:00,https://twitter.com/JeffBezos/status/1511768194138054660,"We must be better every day, and we know there is even more to do, but super proud of Amazon being ranked the #1 place where people want to work by LinkedIn. Their methodology uses LinkedIn’s unique data set from its 810 million members (1/2) https://t.co/Exw8nARKcG"
84,@JeffBezos,2022-04-01 00:25:09+00:00,https://twitter.com/JeffBezos/status/1509688279016247322,"We’ve just opened a second humanitarian aid hub to help Ukrainian refugees — this one in Poland. Like the first one we opened in Slovakia, it’s a fulfillment center dedicated to this issue, using our logistics and distribution experience to help. https://t.co/WPizdHc74t"
85,@JeffBezos,2022-03-31 02:02:38+00:00,https://twitter.com/JeffBezos/status/1509350424129974277,"So great meeting you and learning about your work, Thomas. Incredible and inspiring."
86,@JeffBezos,2022-03-30 18:39:52+00:00,https://twitter.com/JeffBezos/status/1509239000631963652,https://t.co/C5LsobYQf6
87,@JeffBezos,2022-03-23 22:26:20+00:00,https://twitter.com/JeffBezos/status/1506759275124715521,Two legends of the booth coming to @NFLonPrime.
88,@JeffBezos,2022-02-14 01:41:17+00:00,https://twitter.com/JeffBezos/status/1493037596796022787,LOTR Super Bowl teaser... https://t.co/YgZ2o4rwCB
89,@JeffBezos,2022-02-07 15:37:20+00:00,https://twitter.com/JeffBezos/status/1490711280503562243,"Alexa, play our new Super Bowl ad. https://t.co/Q4WRjoiFqK"
90,@JeffBezos,2022-01-28 20:44:33+00:00,https://twitter.com/JeffBezos/status/1487164715486760961,It was a year ago that the White House launched #Justice40. Proud of the Earth Fund team for helping drive it forward.
91,@JeffBezos,2022-01-19 15:00:19+00:00,https://twitter.com/JeffBezos/status/1483816597831630852,(2/2) https://t.co/z7wwj3tf50
92,@JeffBezos,2022-01-19 15:00:02+00:00,https://twitter.com/JeffBezos/status/1483816527044304896,Coming this September 2nd. Can’t wait for you to see it. @LOTRonPrime  (1/2) https://t.co/jd0wrPIJAp
93,@JeffBezos,2022-01-05 17:47:08+00:00,https://twitter.com/JeffBezos/status/1478785147042353155,Thanks @jonerlichman. 25 years ago today. Note the Netscape browser.
94,@JeffBezos,2021-12-12 01:59:03+00:00,https://twitter.com/JeffBezos/status/1469849247042334721,(2/2) All of Edwardsville should know that the Amazon team is committed to supporting them and will be by their side through this crisis. We extend our fullest gratitude to all the incredible first responders who have worked so tirelessly at the site.
95,@JeffBezos,2021-12-12 01:59:03+00:00,https://twitter.com/JeffBezos/status/1469849245624647681,"The news from Edwardsville is tragic. We’re heartbroken over the loss of our teammates there, and our thoughts and prayers are with their families and loved ones. (1/2)"
96,@JeffBezos,2021-12-10 14:56:39+00:00,https://twitter.com/JeffBezos/status/1469320158996951043,Loved being with @MichaelStrahan on Thursday Night Football. Gave him a little something to pack for his flight. https://t.co/fdr3Hz9ojh
97,@JeffBezos,2021-12-10 00:51:02+00:00,https://twitter.com/JeffBezos/status/1469107355530919938,"Congrats again, DJ. No one more deserving than you for the People’s Champ Award."
98,@JeffBezos,2021-12-06 19:20:43+00:00,https://twitter.com/JeffBezos/status/1467937061319495681,"Today the Washington Post and the world lost an exceptional journalist and remarkable man: long-time Editorial Page Editor Fred Hiatt. I will miss his thoughtfulness, professionalism, and warm friendship. Our thoughts are with his beloved family at this difficult time. https://t.co/NoATYyyy7A"
99,@JeffBezos,2021-11-24 18:30:29+00:00,https://twitter.com/JeffBezos/status/1463575768697491458,"Welcome aboard, Michael!"
100,@JeffBezos,2021-11-17 13:50:58+00:00,https://twitter.com/JeffBezos/status/1460968710965841921,"(2/2) This year’s grants go to 32 groups led by experts who are making a difference in their communities, and the funds will help them further expand their important work. https://t.co/sLgl3mWBB3"
101,@JeffBezos,2021-11-17 13:50:58+00:00,https://twitter.com/JeffBezos/status/1460968707971112963,"For the fourth year in a row, the Bezos Day 1 Families Fund is making donations to organizations helping families in need across the U.S. These grants will provide support including housing, food, clothing, and other resources to help families get back on their feet. (1/2) https://t.co/JeI1CgX8Ft"
102,@JeffBezos,2021-11-12 23:14:22+00:00,https://twitter.com/JeffBezos/status/1459298556515270657,"(2/2) Our deepest sympathies are with his partner, Leah, and all his loved ones. The world lost you too soon, Glen."
103,@JeffBezos,2021-11-12 23:14:22+00:00,https://twitter.com/JeffBezos/status/1459298553860296709,"Such a tragic loss. Warm and full of life, Glen made us laugh and lit up the room. He was a visionary, and an innovator – a true leader. Lauren and I are heartbroken and will remember the precious time we got to spend together. (1/2) https://t.co/AYKCGIUQfD"
104,@JeffBezos,2021-11-08 14:43:07+00:00,https://twitter.com/JeffBezos/status/1457720343297019909,"Leo, come over here, I want to show you something… @LeoDiCaprio https://t.co/KqGLB839NI"
105,@JeffBezos,2021-11-05 15:43:47+00:00,https://twitter.com/JeffBezos/status/1456648447486873600,"Congrats on this important work, @ChefJoseAndres. As you say: build longer tables, not higher walls. https://t.co/ybpC2BN87f https://t.co/QzUXrQeytA"
106,@JeffBezos,2021-11-04 17:23:16+00:00,https://twitter.com/JeffBezos/status/1456311095761637384,"Not the decision we wanted, but we respect the court’s judgment, and wish full success for NASA and SpaceX on the contract. https://t.co/BeXc4A8YaW"
107,@JeffBezos,2021-11-02 18:44:57+00:00,https://twitter.com/JeffBezos/status/1455606875643330565,Very proud to be one of the founding funders of Prince William’s Earthshot Prize. It’s easy to see how passionate and thoughtful he is about this important work.
108,@JeffBezos,2021-11-02 11:15:35+00:00,https://twitter.com/JeffBezos/status/1455493786214092802,"(2/2) transnational marine protected area on the planet, covering an area larger than California. Thank you to this group for their boldness on this important work."
109,@JeffBezos,2021-11-02 11:15:33+00:00,https://twitter.com/JeffBezos/status/1455493781222932480,"At #COP26, Lauren and I discussed conservation of land and sea with leaders from Colombia, Ecuador, Panama, Costa Rica, and Bolivia. Together, they oversee one of the most diverse regions on earth. The @BezosEarthFund is working with them to help create the largest (1/2) https://t.co/6MQ2RsAQxC"
110,@JeffBezos,2021-11-01 15:32:10+00:00,https://twitter.com/JeffBezos/status/1455195971370029056,"Wonderful meeting with Tuntiak Katan from the Shuar tribe in Ecuador and Solange Bandiaky-Badji, from the Rights and Resources Institute. Indigenous peoples are custodians of over a third of the world’s tropical forests. We must champion their efforts to protect our planet. https://t.co/BPLDpR3xiR"
111,@JeffBezos,2021-10-31 21:37:24+00:00,https://twitter.com/JeffBezos/status/1454925498757357571,"The Prince of Wales has been involved in fighting climate change and protecting our beautiful world far longer than most. We had a chance to discuss these important issues on the eve of #COP26 — looking for solutions to heal our world, and how the @BezosEarthFund can help. https://t.co/7zBNnfCav7"
112,@JeffBezos,2021-10-22 15:30:26+00:00,https://twitter.com/JeffBezos/status/1451571655411523598,"“Closing my eyes now, I still feel that irresistible tug … pulling my heart from my chest and out over the edge of the world.” - @cboshuizen
https://t.co/iEi4p0djzR"
113,@JeffBezos,2021-10-13 12:53:24+00:00,https://twitter.com/JeffBezos/status/1448270647788986370,"Bill, Audrey, Chris, Glen — you’re about to share an experience that will forever change how you view the world. Godspeed. This is how it starts. 🚀 https://t.co/sOaS7YVBuY"
114,@JeffBezos,2021-10-11 14:03:45+00:00,https://twitter.com/JeffBezos/status/1447563576986804229,I’m game.
115,@JeffBezos,2021-10-11 03:28:58+00:00,https://twitter.com/JeffBezos/status/1447403828505088011,"Listen and be open, but don’t let anybody tell you who you are. This was just one of the many stories telling us all the ways we were going to fail. Today, Amazon is one of the world’s most successful companies and has revolutionized two entirely different industries. https://t.co/MgMsQHwqZl"
116,@JeffBezos,2021-10-07 15:56:07+00:00,https://twitter.com/JeffBezos/status/1446142301483401218,"Anderson laughs through the whole interview. 

Bill Shatner = Legend"
117,@JeffBezos,2021-10-07 01:39:48+00:00,https://twitter.com/JeffBezos/status/1445926804758269959,"A lot to still prove out here for sure, but the Rivian team is world class, and @RJScaringe is one of the greatest entrepreneurs I’ve ever met. 

Now, RJ, where are our vans?!

https://t.co/5rdnuEw2mm"
118,@JeffBezos,2021-10-06 14:59:55+00:00,https://twitter.com/JeffBezos/status/1445765771611627529,"New @007 film is amazing and fun. Loved it, and I miss Daniel Craig already. Can’t wait to see who Barbara Broccoli and Michael Wilson pick next. https://t.co/SAe51Hcrxz"
119,@JeffBezos,2021-10-03 17:31:55+00:00,https://twitter.com/JeffBezos/status/1444716860621000706,"No, just simple admiration."
120,@JeffBezos,2021-10-02 22:39:18+00:00,https://twitter.com/JeffBezos/status/1444431829214248960,".@ReedHastings and Ted Sarandos and the team at @Netflix get it right so often. Their internationalization strategy isn’t easy, and they’re making it work. Impressive and inspiring. (And I can’t wait to watch the show.) https://t.co/yFw7TGyc1U"
121,@JeffBezos,2021-10-01 13:02:13+00:00,https://twitter.com/JeffBezos/status/1443924212792455174,(2/2) The two articles are only 8 months apart. https://t.co/EbTVhnrJpA
122,@JeffBezos,2021-10-01 13:02:13+00:00,https://twitter.com/JeffBezos/status/1443924211282571264,"After many failures and setbacks in gaming we have a success. So proud of the team for the persistence. View setbacks as helpful obstacles that drive learning. Whatever your goals are, don’t give up no matter how hard it gets. @playnewworld (1/2) https://t.co/LK0VUdCSS9"
123,@JeffBezos,2021-09-20 22:47:01+00:00,https://twitter.com/JeffBezos/status/1440085114835202056,"Good exchange of ideas on climate change with a lot of passion around preserving and restoring the natural world. There might also have been a side conversation about who’s better — Asimov or Clarke. The meeting was useful and enjoyable. Thank you, @BorisJohnson. https://t.co/Vkx7MEPbvi"
124,@JeffBezos,2021-09-16 16:08:08+00:00,https://twitter.com/JeffBezos/status/1438535180407377923,Congratulations to @ElonMusk and the @SpaceX team on their successful Inspiration4 launch last night. Another step towards a future where space is accessible to all of us.
